INSERT INTO Publisher (Name, Address, PhoneNumber) VALUES
    ('Acme Publishing', '123 Elm Street, Metropolis', '555-1001');
INSERT INTO Publisher (Name, Address, PhoneNumber) VALUES
    ('Orbit Books', '221 Baker Street, London', '555-1002');
INSERT INTO Publisher (Name, Address, PhoneNumber) VALUES
    ('Nova Press', '42 Galaxy Way, New York', '555-1003');
INSERT INTO Publisher (Name, Address, PhoneNumber) VALUES
    ('Sunrise House', '987 Dawn Avenue, Aurora', '555-1004');
INSERT INTO Publisher (Name, Address, PhoneNumber) VALUES
    ('Eclipse Editions', '33 Moon Crescent, Luna City', '555-1005');
INSERT INTO Publisher (Name, Address, PhoneNumber) VALUES
    ('Midnight Print', '777 Twilight Road, Duskville', '555-1006');
INSERT INTO Publisher (Name, Address, PhoneNumber) VALUES
    ('Riverstone Press', '55 River Bend, Waterside', '555-1007');
INSERT INTO Publisher (Name, Address, PhoneNumber) VALUES
    ('Highland House', '999 Highland Way, Dundee', '555-1008');
INSERT INTO Publisher (Name, Address, PhoneNumber) VALUES
    ('Maple Leaf Books', '10 Maple Lane, Ottawa', '555-1009');
INSERT INTO Publisher (Name, Address, PhoneNumber) VALUES
    ('Digital Dreams', '2020 Future Blvd, Silicon City', '555-1010');
INSERT INTO Publisher (Name, Address, PhoneNumber) VALUES
    ('Paper & Ink', '77 Craft Road, Printville', '555-1011');
INSERT INTO Publisher (Name, Address, PhoneNumber) VALUES
    ('Starbound Editions', '66 Orion St, Nebula Town', '555-1012');
INSERT INTO Publisher (Name, Address, PhoneNumber) VALUES
    ('Old Oak Press', '5 Heritage Way, Historic City', '555-1013');
INSERT INTO Publisher (Name, Address, PhoneNumber) VALUES
    ('Silver Crown Publishers', '480 King Dr, Monarch Falls', '555-1014');
INSERT INTO Publisher (Name, Address, PhoneNumber) VALUES
    ('Firefly Books', '1234 Lantern Ln, Glowville', '555-1015');
INSERT INTO Publisher (Name, Address, PhoneNumber) VALUES
    ('Urban Tales', '90 Metro Ave, Big City', '555-1016');
INSERT INTO Publisher (Name, Address, PhoneNumber) VALUES
    ('Global Reads', '360 World St, Earth City', '555-1017');
INSERT INTO Publisher (Name, Address, PhoneNumber) VALUES
    ('Crystal Press', '700 Diamond Rd, Gemstone', '555-1018');
INSERT INTO Publisher (Name, Address, PhoneNumber) VALUES
    ('Evergreen House', '808 Forest Dr, Greenhill', '555-1019');
INSERT INTO Publisher (Name, Address, PhoneNumber) VALUES
    ('Compass Books', '12 North Star Dr, Polaris', '555-1020');
INSERT INTO Publisher (Name, Address, PhoneNumber) VALUES
    ('Nightingale Editions', '123 Night Ave, Latesville', '555-1021');
INSERT INTO Publisher (Name, Address, PhoneNumber) VALUES
    ('Emerald Press', '88 Jewel St, Radiant City', '555-1022');
INSERT INTO Publisher (Name, Address, PhoneNumber) VALUES
    ('Dragonfly Publishing', '101 Wing Blvd, Flytown', '555-1023');
INSERT INTO Publisher (Name, Address, PhoneNumber) VALUES
    ('Golden Page', '9999 Rich Rd, Luxville', '555-1024');
INSERT INTO Publisher (Name, Address, PhoneNumber) VALUES
    ('Cloud Mountain', '456 Summit Ln, Highpeak', '555-1025');

INSERT INTO Author (Name, Surname) VALUES
    ('John', 'Smith');
INSERT INTO Author (Name, Surname) VALUES
    ('Mary', 'Johnson');
INSERT INTO Author (Name, Surname) VALUES
    ('James', 'Williams');
INSERT INTO Author (Name, Surname) VALUES
    ('Patricia', 'Brown');
INSERT INTO Author (Name, Surname) VALUES
    ('Michael', 'Davis');
INSERT INTO Author (Name, Surname) VALUES
    ('Linda', 'Miller');
INSERT INTO Author (Name, Surname) VALUES
    ('Robert', 'Wilson');
INSERT INTO Author (Name, Surname) VALUES
    ('Barbara', 'Moore');
INSERT INTO Author (Name, Surname) VALUES
    ('William', 'Taylor');
INSERT INTO Author (Name, Surname) VALUES
    ('Elizabeth', 'Anderson');
INSERT INTO Author (Name, Surname) VALUES
    ('Christopher', 'Thomas');
INSERT INTO Author (Name, Surname) VALUES
    ('Jennifer', 'Jackson');
INSERT INTO Author (Name, Surname) VALUES
    ('Matthew', 'White');
INSERT INTO Author (Name, Surname) VALUES
    ('Nancy', 'Harris');
INSERT INTO Author (Name, Surname) VALUES
    ('Daniel', 'Martin');
INSERT INTO Author (Name, Surname) VALUES
    ('Susan', 'Thompson');
INSERT INTO Author (Name, Surname) VALUES
    ('Anthony', 'Garcia');
INSERT INTO Author (Name, Surname) VALUES
    ('Carol', 'Martinez');
INSERT INTO Author (Name, Surname) VALUES
    ('Jonathan', 'Robinson');
INSERT INTO Author (Name, Surname) VALUES
    ('Sandra', 'Clark');
INSERT INTO Author (Name, Surname) VALUES
    ('Andrew', 'Rodriguez');
INSERT INTO Author (Name, Surname) VALUES
    ('Donna', 'Lewis');
INSERT INTO Author (Name, Surname) VALUES
    ('Thomas', 'Lee');
INSERT INTO Author (Name, Surname) VALUES
    ('Karen', 'Walker');
INSERT INTO Author (Name, Surname) VALUES
    ('Steven', 'Hall');

INSERT INTO Book (Publisher_ID, Title, PublicationYear, ISBN) VALUES
    (1, 'City of Twilight', 2000, 'ISBN-1001');
INSERT INTO Book (Publisher_ID, Title, PublicationYear, ISBN) VALUES
    (5, 'Moonlit Stories', 2001, 'ISBN-1002');
INSERT INTO Book (Publisher_ID, Title, PublicationYear, ISBN) VALUES
    (7, 'Dragons of Elm Street', 2002, 'ISBN-1003');
INSERT INTO Book (Publisher_ID, Title, PublicationYear, ISBN) VALUES
    (10, 'Ocean of Secrets', 1999, 'ISBN-1004');
INSERT INTO Book (Publisher_ID, Title, PublicationYear, ISBN) VALUES
    (12, 'Mystic Sunrise', 2010, 'ISBN-1005');
INSERT INTO Book (Publisher_ID, Title, PublicationYear, ISBN) VALUES
    (3, 'Lost in Orbit', 2005, 'ISBN-1006');
INSERT INTO Book (Publisher_ID, Title, PublicationYear, ISBN) VALUES
    (16, 'Whispering Woods', 2007, 'ISBN-1007');
INSERT INTO Book (Publisher_ID, Title, PublicationYear, ISBN) VALUES
    (9, 'Shadows of the Past', 2003, 'ISBN-1008');
INSERT INTO Book (Publisher_ID, Title, PublicationYear, ISBN) VALUES
    (2, 'Road to Tomorrow', 2012, 'ISBN-1009');
INSERT INTO Book (Publisher_ID, Title, PublicationYear, ISBN) VALUES
    (22, 'A Hundred Days', 2015, 'ISBN-1010');
INSERT INTO Book (Publisher_ID, Title, PublicationYear, ISBN) VALUES
    (14, 'Royal Nights', 2000, 'ISBN-1011');
INSERT INTO Book (Publisher_ID, Title, PublicationYear, ISBN) VALUES
    (19, 'Diamonds in the Sky', 2017, 'ISBN-1012');
INSERT INTO Book (Publisher_ID, Title, PublicationYear, ISBN) VALUES
    (4, 'Midnight Harbor', 1998, 'ISBN-1013');
INSERT INTO Book (Publisher_ID, Title, PublicationYear, ISBN) VALUES
    (6, 'Crystal Portal', 2008, 'ISBN-1014');
INSERT INTO Book (Publisher_ID, Title, PublicationYear, ISBN) VALUES
    (21, 'Northern Exposure', 1995, 'ISBN-1015');
INSERT INTO Book (Publisher_ID, Title, PublicationYear, ISBN) VALUES
    (15, 'The Last Lantern', 2020, 'ISBN-1016');
INSERT INTO Book (Publisher_ID, Title, PublicationYear, ISBN) VALUES
    (25, 'Gemstone Chronicles', 2006, 'ISBN-1017');
INSERT INTO Book (Publisher_ID, Title, PublicationYear, ISBN) VALUES
    (18, 'Forests of Time', 2014, 'ISBN-1018');
INSERT INTO Book (Publisher_ID, Title, PublicationYear, ISBN) VALUES
    (8, 'Crown of the Sunset', 2011, 'ISBN-1019');
INSERT INTO Book (Publisher_ID, Title, PublicationYear, ISBN) VALUES
    (11, 'Digital Dystopia', 2018, 'ISBN-1020');
INSERT INTO Book (Publisher_ID, Title, PublicationYear, ISBN) VALUES
    (23, 'Fallen Kingdom', 1997, 'ISBN-1021');
INSERT INTO Book (Publisher_ID, Title, PublicationYear, ISBN) VALUES
    (13, 'Guardian of Legends', 2021, 'ISBN-1022');
INSERT INTO Book (Publisher_ID, Title, PublicationYear, ISBN) VALUES
    (1, 'City of Twilight 2', 2004, 'ISBN-1023');
INSERT INTO Book (Publisher_ID, Title, PublicationYear, ISBN) VALUES
    (24, 'Flying Dreams', 2009, 'ISBN-1024');
INSERT INTO Book (Publisher_ID, Title, PublicationYear, ISBN) VALUES
    (17, 'Silent Storms', 2013, 'ISBN-1025');

-- For book_id 1 (City of Twilight), let's say authors 3 and 10 wrote it
INSERT INTO Book_Author (Book_ID, Author_ID) VALUES (1, 3);
INSERT INTO Book_Author (Book_ID, Author_ID) VALUES (1, 10);

-- For book_id 2 (Moonlit Stories), authors 5, 12
INSERT INTO Book_Author (Book_ID, Author_ID) VALUES (2, 5);
INSERT INTO Book_Author (Book_ID, Author_ID) VALUES (2, 12);

-- For book_id 3 (Dragons of Elm Street), authors 15, 16
INSERT INTO Book_Author (Book_ID, Author_ID) VALUES (3, 15);
INSERT INTO Book_Author (Book_ID, Author_ID) VALUES (3, 16);

-- For book_id 4 (Ocean of Secrets), just author 1
INSERT INTO Book_Author (Book_ID, Author_ID) VALUES (4, 1);

-- And so on...
-- (Feel free to create at least 20 or 30 bridging entries to show variety)
INSERT INTO Book_Author (Book_ID, Author_ID) VALUES (5, 20);
INSERT INTO Book_Author (Book_ID, Author_ID) VALUES (6, 2);
INSERT INTO Book_Author (Book_ID, Author_ID) VALUES (7, 11);
INSERT INTO Book_Author (Book_ID, Author_ID) VALUES (8, 5);
INSERT INTO Book_Author (Book_ID, Author_ID) VALUES (9, 25);
INSERT INTO Book_Author (Book_ID, Author_ID) VALUES (10, 8);
INSERT INTO Book_Author (Book_ID, Author_ID) VALUES (11, 14);
INSERT INTO Book_Author (Book_ID, Author_ID) VALUES (12, 21);
INSERT INTO Book_Author (Book_ID, Author_ID) VALUES (13, 13);
INSERT INTO Book_Author (Book_ID, Author_ID) VALUES (14, 17);
INSERT INTO Book_Author (Book_ID, Author_ID) VALUES (15, 16);
INSERT INTO Book_Author (Book_ID, Author_ID) VALUES (16, 12);
INSERT INTO Book_Author (Book_ID, Author_ID) VALUES (17, 7);
INSERT INTO Book_Author (Book_ID, Author_ID) VALUES (18, 4);
INSERT INTO Book_Author (Book_ID, Author_ID) VALUES (19, 19);
INSERT INTO Book_Author (Book_ID, Author_ID) VALUES (20, 9);
INSERT INTO Book_Author (Book_ID, Author_ID) VALUES (21, 24);
INSERT INTO Book_Author (Book_ID, Author_ID) VALUES (22, 6);
INSERT INTO Book_Author (Book_ID, Author_ID) VALUES (23, 3);
INSERT INTO Book_Author (Book_ID, Author_ID) VALUES (24, 18);
INSERT INTO Book_Author (Book_ID, Author_ID) VALUES (25, 23);